领域,MCP名称,知识库构建来源,代表博主（小红书号）,关键词,主页链接,推荐输入,推荐输出,推荐Query1,推荐Query2,推荐Query3,推荐Query4,推荐Query5,推荐Query6,推荐Query7,推荐Query8,推荐Query9,推荐Query10,开发价值,
电子竞技,电竞解说MCP,"游戏官网 / 官方公众号(官方权威来源);
小黑盒、王者营地、掌上英雄联盟;(专业电竞 & 数据平台);
抖音 / 快手/小红书（游戏解说、高光、技巧）；",18637540787；水一大魔王,战况解说、出装分享,https://www.xiaohongshu.com/user/profile/66753c52000000001e005c92?xsec_token=YBvJIsWoM1Isk-cXjswrDueDXnFSVwmv-eK6IVG_CK8Jw=&xsec_source=app_share&xhsshare=CopyLink&shareRedId=ODwyMUQ5ST02NzUyOTgwNjZFOTdKR0k_&apptime=1773299652&share_id=426839b0746c43d384f2f085fd5fd7f1,"多模态输入
游戏名称、英雄 / 角色、技能、装备、地图讲解
对局思路、打法分析、出装推荐、连招教学
赛事解说、名场面复盘、高光时刻讲解
新手入门、操作技巧、意识提升、避坑要点
游戏模式、规则、机制、版本更新解读
实时战况描述、战术分析、胜负关键点
用户提供对局片段 / 场景，生成解说文案","核心定位 / 角色定位
关键技能 / 出装 / 连招（简洁版）
打法思路 & 意识要点
对局解说文案（口语化、有节奏）
版本强弱与小技巧",新手打瓦应该怎么上手,王者荣耀甄姬的出装和连招是什么,给我一段游戏高光解说文案,上官婉儿这个英雄怎么玩,解说一下这局比赛的关键转折点,吃鸡类游戏新手怎么提升意识,xx版本更新对现有英雄有什么影响,某某地图打法思路和战术讲解,名场面复盘，解说一下操作细节,给我生成一段激情的xx游戏解说台词,高频、娱乐性强、用户停留久、易落地、年轻化,
护肤美妆,不同肤质护肤MCP,"国家药品监督管理局（化妆品监管、化妆品分类、化妆品备案查询）；
小红书TOP博主的推文、微博、抖音热门视频（博主实用科普）",817697585；骆王宇,全肤质、美白,https://www.xiaohongshu.com/user/profile/5dc0e8c90000000001004610?xsec_token=YBG2-PHpC4rvvgSCfJro5wr_A5is71InAMRkmY5u-58IQ=&xsec_source=app_share&xhsshare=CopyLink&shareRedId=ODwyMUQ5ST02NzUyOTgwNjZFOTdKR0k_&apptime=1773209209&share_id=6b36f3b59f254e8eab05bf4f79bf55dd,"用户肤质类型描述（油皮 / 干皮 / 混油 / 混干 / 敏感肌 / 中性皮 / 不清楚肤质）
当前护肤困扰：出油、长痘、干燥脱皮、泛红敏感、暗沉、毛孔粗大、黑头、细纹等
年龄、性别、季节、所处环境（空调房、户外、北方干燥、南方潮湿）
现有护肤品使用情况、是否有过敏史
诉求：基础保湿、控油、祛痘、修护、抗初老、美白、精简护肤等","肤质判断结论
肤质特点与常见问题
核心护肤原则
早、晚间护肤步骤（产品类型 + 简要作用）
生活与习惯建议
避雷提醒（慎用成分、错误做法）
每周特殊护理（去角质、敷面膜、修护等频率）",我是油性皮肤，该怎么正确护肤,干皮总是脱皮紧绷，有什么护肤方案,混油肤质 T 区油两颊干，该怎么护理,敏感肌容易泛红刺痛，该用什么思路护肤,我不知道自己是什么肤质，怎么判断和护肤,毛孔粗大黑头多，属于什么肤质该怎么改善,夏天出油长痘，冬天又干，该怎么调整护肤,中性皮肤如何维持稳定，简单护肤步骤,熬夜暗沉粗糙，根据肤质怎么急救护肤,不同肤质在换季时分别要注意什么,用户刚需、高频搜索、场景明确、可标准化、复用性强、转化高、实用性强,
,,,814953959；大夏天｜理性护肤,干皮、抗老,https://www.xiaohongshu.com/user/profile/5d312da400000000100335e5?xsec_token=YBrtJ29nqP57xL0wca6-tRNkj9sAA_bgmoBqoIEZjTGrU=&xsec_source=app_share&xhsshare=CopyLink&shareRedId=ODwyMUQ5ST02NzUyOTgwNjZFOTdKR0k_&apptime=1773209248&share_id=b2552ab9208a468b8d796d24ee58476f,,,,,,,,,,,,,,
,化妆咨询 MCP,"国家药品监督管理局（化妆品监管、化妆品分类、化妆品备案查询）；
小红书TOP博主的推文、微博、抖音热门视频（博主实用科普）",100318174；程十安an,全类型妆容教程,https://www.xiaohongshu.com/user/profile/562ef75ae00dd861d410784a?xsec_token=YBJETUe4ZyeDbZGQhdW-FRzgSqDO8vRub2Y2GfX6NoApk=&xsec_source=app_share&xhsshare=CopyLink&shareRedId=ODwyMUQ5ST02NzUyOTgwNjZFOTdKR0k_&apptime=1773209946&share_id=f54fa6ea7824446db4bdc2134ad57f83,"肤质：油皮 / 干皮 / 混油 / 混干 / 敏感肌
化妆水平：新手 / 手残党 / 进阶
使用场合：日常、通勤、约会、面试、聚会、拍照、婚礼等
诉求：底妆服帖、持久不脱妆、遮瑕、伪素颜、淡妆、眼妆、唇妆、修容、平价 / 大牌倾向
困扰：卡粉、浮粉、斑驳、暗沉、眼妆晕妆、不会选色号、不会画眼线 / 眉毛
年龄、肤色、风格：甜妹、清冷、淡妆、浓颜、自然裸妆","肤质 / 肤色 / 风格总结
适合妆容定位
完整化妆步骤（精简版 / 完整版二选一）
重点部位技巧（底妆、眼妆、眉形、唇妆）
持妆与防脱妆小技巧
产品类型建议（不具体品牌，只讲类型）
常见误区与避雷",我是化妆新手，零基础该怎么学化妆,油皮夏天底妆容易脱妆斑驳，怎么解决,日常通勤淡妆，最简单的化妆步骤是什么,干皮上妆总是卡粉起皮，有什么技巧,约会适合画什么妆容，简单又好看,怎么根据自己肤色选粉底液色号,手残党不会画眼线和眉毛，有没有简单方法,伪素颜淡妆需要哪些化妆品,面试应该画什么妆容，显得干净得体,怎样让妆容一整天干净不暗沉,女性刚需、场景极广、实用性强、问答结构化、复询率高、易落地、变现潜力大,
,,,422520418；豆豆_Babe,混干敏皮,https://www.xiaohongshu.com/user/profile/5a16311de8ac2b349577ec8e?xsec_token=YBwwsyaadJ-jxRaIvMtuwz-AsTVBX7scU6SgxJTJrPcXA=&xsec_source=app_share&xhsshare=CopyLink&shareRedId=ODwyMUQ5ST02NzUyOTgwNjZFOTdKR0k_&apptime=1773209986&share_id=dbdd7643211d407188c421b825f855ca,,,,,,,,,,,,,,
服饰穿搭,风格穿搭MCP,"小红书时尚板块（穿搭干货、体型改造、配色方案）；
时尚媒体与杂志（VOGUE、ELLE、时尚芭莎、GQ、瑞丽）",342339199；是西西吖,梨形身材,https://www.xiaohongshu.com/user/profile/5e8986ca0000000001009a1c?xsec_token=YBXSLklQZZldIr4BaFRfCmlgNK45yzT24GjXuoleywxNY=&xsec_source=app_share&xhsshare=CopyLink&shareRedId=ODwyMUQ5ST02NzUyOTgwNjZFOTdKR0k_&apptime=1773210180&share_id=d6de8f70c5fc4efebc26ac843ebaa904,"人群：学生、职场新人、通勤白领、宝妈、微胖、小个子、高个子、梨形身材、苹果型身材等
风格：简约、休闲、甜酷、温柔、韩系、日系、通勤、知性、慵懒、复古、清冷等
场合：日常、上学、上班、面试、约会、聚会、正式场合、旅行、换季、居家等
需求：显瘦、显高、显白、遮肉、百搭、气质、平价、一衣多穿、懒人穿搭
季节与天气：春夏秋冬、冷热、早晚温差、下雨、大风等","身材 / 人群 / 风格定位
适合色系推荐
上装 + 下装 + 鞋子 + 配饰完整搭配
显瘦 / 显高 / 遮肉小技巧
避雷穿搭误区
2～3 套可直接复制的成套搭配方案",小个子女生怎么穿显高显瘦,职场通勤日常简约穿搭有哪些,微胖梨形身材该怎么穿搭遮肉,学生党平价百搭穿搭推荐,第一次约会穿什么温柔又好看,秋天有哪些懒人不用动脑的穿搭,正式面试应该怎么穿得体大方,高个子女生怎样穿搭不显得壮,一衣多穿省钱实用穿搭技巧,韩系休闲风日常穿搭怎么搭,高频刚需、覆盖面广、实用性强、易标准化、复购率高、女性用户强需求、场景清晰,
,,,"
670946093；小小小小白",职场通勤,https://www.xiaohongshu.com/user/profile/5bf8bfe73bdeff00016afe9a?xsec_token=YB67CTDPq5f1w8owLG6PNWN2VU5dsA-E52Ctd8JXzDFHU=&xsec_source=app_share&xhsshare=CopyLink&shareRedId=ODwyMUQ5ST02NzUyOTgwNjZFOTdKR0k_&apptime=1773210210&share_id=03677b26b97a485089d51b5bdd8de2d9,,,,,,,,,,,,,,
美食餐饮,美食餐饮MCP,"下厨房（标准菜谱、用料、步骤、做法）；
抖音（快手菜、懒人做法、减脂餐、厨具技巧）；
大众点评（菜系、小吃、点餐、地方特色）",cunlv555；村驴,新手保姆级教程,https://www.xiaohongshu.com/user/profile/56f564efaed75850dddb5ebd?xsec_token=YB9FUYAjezaH6yjwEx-7sBVoMCHjKNvMePCf73I-DYmVE=&xsec_source=app_share&xhsshare=CopyLink&shareRedId=ODwyMUQ5ST02NzUyOTgwNjZFOTdKR0k_&apptime=1773210293&share_id=3797885c892f484a89f8d3c36b0c1611,"场景类型：快手家常菜 / 养生小吃 / 宿舍美食（无锅 / 小电锅） / 5 分钟早餐 / 减脂餐
食材限制：现有食材清单、冰箱剩余食材、超市可采购清单（需标注易获取属性）
人群属性：厨房新手 / 手残党 / 学生党 / 上班族 / 减脂人群 / 养生需求人群
核心诉求：省时（5-15 分钟） / 省钱 / 低卡低脂 / 营养均衡 / 无油烟 / 无复杂工具
特殊需求：忌口（如素食、无辣、低糖、无麸质）、季节适配（春夏清爽 / 秋冬暖食）","场景与人群定位
菜品核心亮点（省时 / 低脂 / 易上手 / 食材通用）
极简食材清单（标注 “可替换” 选项，降低采购门槛）
超简化步骤（1-3 步核心操作，无复杂工序）
关键技巧（避坑要点、口味调整方法、快速出锅秘诀）
适配拓展（可替换食材、衍生做法、搭配建议）",厨房新手求 5 分钟快手家常菜，只有 3 种基础食材,宿舍小电锅能做什么简单养生小吃，不用开火也能吃,上班族赶时间，10 分钟内搞定的低卡早餐有哪些,冰箱里剩鸡蛋和青菜，求一道简单又下饭的家常菜,学生党平价美食，预算 5 元以内的快手餐怎么做,减脂期想吃早餐，5 分钟能做好的低脂食物推荐,夏天不想做饭，求清爽无油烟的快手家常菜,零基础养生小吃，适合睡前做的简单甜品有哪些,只有电饭煲，能做哪些好吃不复杂的家常菜,换季想喝养生粥，10 分钟就能煮好的快手粥品推荐,高频刚需、受众覆盖广（学生 / 上班族 / 家庭）、落地性极强、内容可批量复制、用户互动与收藏率高、适配短视频 / 图文多形态传播,
,,,1143349330；简简厨房,烘焙、中餐,https://www.xiaohongshu.com/user/profile/606bd3be00000000010024a0?xsec_token=YBPS2fqHOU2g9Ke_2t6-Tw_iv-ZbHF4sSeGELD5MlSX2M=&xsec_source=app_share&xhsshare=CopyLink&shareRedId=ODwyMUQ5ST02NzUyOTgwNjZFOTdKR0k_&apptime=1773210320&share_id=8487004fb8f4488ca05ba495325feb5a,,,,,,,,,,,,,,
家居生活,家居助手MCP,"国家建材网（查询标准、安全、材质、环保等级）；
住小帮（装修干货、户型改造、预算清单、图文教程）；
小红书（生活化、实用技巧库）；
B 站（装修施工、水电改造、家具拆解、家电测评）；
淘宝 / 京东详情页（材质、尺寸、功能、使用场景）",lanyanjingciwei；蓝眼睛刺猬,装修、家居、收纳,https://www.xiaohongshu.com/user/profile/56590b60e00dd80e16dfdeda?xsec_token=YBEchILGCw94aCq43vYHFaofQwbTrn2gREZXM0QaGLHgU=&xsec_source=app_share&xhsshare=CopyLink&shareRedId=ODwyMUQ5ST02NzUyOTgwNjZFOTdKR0k_&apptime=1773210463&share_id=76f880603e3641988e1d19cdfc8771e9,"空间：卧室、客厅、出租屋、小户型、卫生间、阳台、厨房、玄关
需求：房间布置、整体装修、软装搭配、收纳规划、干湿分离、格局改造
人群：懒人、租房党、学生、上班族、预算有限、新手、不想大动
风格：极简、原木、奶油风、ins 风、日系、北欧、复古、轻奢、中式
痛点：小空间显小、乱、杂物多、采光差、卫生间小、不会收纳、怕麻烦","空间与需求定位
整体布局思路
风格 / 配色建议
收纳系统规划
实用改造技巧（干湿分离 / 扩容 / 显大）
懒人低成本做法
避坑提醒",小户型房间怎么布置显大又整洁,小空间收纳技巧，杂物多怎么整理,小卫生间怎么做干湿分离，不踩坑,卧室奶油风布置，低成本简单改造步骤,懒人极简装修，不用费心怎么装,出租屋简单改造，不伤墙又好看,客厅 ins 风布置，有哪些实用思路,玄关很小，收纳和布局怎么设计,原木风卧室怎么搭配，温馨耐看,卫生间面积小，如何收纳不拥挤,刚需高频、受众极广、实用性强、场景清晰、标准化高、复询率高、留存强,
,,,263767433；真真真ing,全屋规划,https://www.xiaohongshu.com/user/profile/583e0d1c5e87e77803b27873?xsec_token=YBvqNVOr5CcXkLQTec8IYwwWd_XnVKPdZ2rfzn7Q9yjmg=&xsec_source=app_share&xhsshare=CopyLink&shareRedId=ODwyMUQ5ST02NzUyOTgwNjZFOTdKR0k_&apptime=1773210602&share_id=6637406d36ea40198ea6e94542e89c97,,,,,,,,,,,,,,
旅行出行,旅行规划MCP,"各地文旅局官网（官方权威信息）；
携程、去哪儿网（正规旅行平台）；
小红书（真实用户 UGC 内容）；
高德地图（地图与交通数据）",670338434；房琪kiki,多省市旅行,https://www.xiaohongshu.com/user/profile/5bf9ff7e999837000189d106?xsec_token=YBoRAbh8tpzG47wlgyLYCrR6ZYqY1sNy2ndMhYp1ao2ic=&xsec_source=app_share&xhsshare=CopyLink&shareRedId=ODwyMUQ5ST02NzUyOTgwNjZFOTdKR0k_&apptime=1773210740&share_id=b6c5bd169f0943b28302f773905af0ef,"出行人群：单人、情侣、闺蜜、家庭亲子、老人同行、学生穷游
目的地：国内城市、省内游、周边游、小众秘境、国外城市
天数：1 天、2 天 3 天、4–5 天、一周深度游
预算：穷游、平价、中等、轻奢
出行方式：高铁、飞机、自驾、公共交通
需求：网红景点测评、避坑、美食探店、行程规划、住宿建议、穿搭、行李收纳、拍照机位、省钱技巧、舒适出行、懒人不赶趟路线
季节 / 天气：春夏秋冬、雨季、晴天、避暑、避寒、看海、看雪、看花","出行定位（人群 + 天数 + 预算 + 风格）
必去 / 不值得去景点真实测评
精简每日行程（时间线：上午 / 下午 / 晚上）
当地必吃美食 & 不踩坑店铺
住宿区域推荐
交通 & 省钱技巧
出行穿搭、行李清单
避坑提醒（宰客、套路、人多劝退）",3 天 2 夜情侣旅行行程规划，小众浪漫不拥挤,网红景点到底值不值得去，求真实测评避坑,单人女生安全出行攻略，舒适又省心,闺蜜出游怎么安排，好吃好拍路线推荐,懒人不赶趟旅行攻略，每天轻松慢悠悠,短途周边一日游，适合放松的地方推荐,自驾出行需要注意什么，必备物品清单,低成本穷游攻略，学生党性价比路线,夏天避暑 / 冬天避寒去哪里最合适,旅行行李怎么收纳，轻便又够用的技巧,全民刚需、复购极高、场景丰富、用户停留长、内容易标准化、变现延伸强,
,,,914715348；西蒙.,多地美食探店,https://www.xiaohongshu.com/user/profile/5de72bb9000000000100971e?xsec_token=YB9eq3qgI6-Ma6wH_NaZv8jCNvQ5Q2HP24A7TrgTNjFpg=&xsec_source=app_share&xhsshare=CopyLink&shareRedId=ODwyMUQ5ST02NzUyOTgwNjZFOTdKR0k_&apptime=1773211000&share_id=668fc394f71e4579a482fdf01d290e66,,,,,,,,,,,,,,
健康养生,养生规划MCP,"国家卫健委、各省中医药大学、附属医院科普平台（标准、权威、无风险、可作为底层知识库）；
丁香医生（体质、食疗、穴位、作息、科学辟谣）；
小红书（日常养生、食疗、茶饮、祛湿、养颜）
",W7631178656；姜碗碗,中式养生、食养,https://www.xiaohongshu.com/user/profile/645f56fa000000000f006d17?xsec_token=YBSGl1ROwV-NaeXdzftfcsu277iyHlNORI4BA8DZ-eQbc=&xsec_source=app_share&xhsshare=CopyLink&shareRedId=ODwyMUQ5ST02NzUyOTgwNjZFOTdKR0k_&apptime=1773211352&share_id=ca58b573f9ba430c8d5df0c63a4d75fd,"人群：女性、上班族、学生、熬夜党、久坐党、体寒、湿气重、失眠、颈椎不适
需求方向：
女性调理：暖宫、痛经缓解、手脚冰凉、气血养护
免疫力：增强抵抗力、少感冒、体虚调理
睡眠：入睡难、易醒、熬夜后修复、安神助眠
祛湿：身体沉重、浮肿、出油、乏力
肩颈腰背：久坐酸痛、僵硬、放松拉伸
情绪放松：冥想、减压、平复焦虑、静心
偏好：食疗、茶饮、按摩穴位、简单动作、睡前习惯、日常小方法
限制：无器械、办公室可做、宿舍可做、零基础、不用吃药","问题与体质简单判断
核心原因简要说明
日常可执行方案：
食疗 / 茶饮 / 汤水
简单动作 / 拉伸 / 按摩
作息与生活习惯
办公室 / 宿舍便携做法
禁忌与避雷（什么不要做）
坚持多久能看到改善",女生体寒宫寒、痛经，平时怎么暖宫调理,经常熬夜免疫力差，怎样简单提高抵抗力,经常熬夜免疫力差，怎样简单提高抵抗力,身体湿气重、出油浮肿，如何有效去湿气,打工人久坐颈肩酸痛僵硬，怎么快速放松,睡前焦虑心静不下来，零基础冥想怎么做,气血不足、手脚冰凉，日常吃什么调理,办公室久坐腰酸，不用器械怎么缓解,压力大精神紧绷，有哪些简单减压方法,熬夜后身体疲惫，怎样快速恢复精气神,全民刚需、强痛点、女性 + 打工人双覆盖、留存高、复询高、安全合规、易标准化,
,,,misuwu；susan米苏,内调、抗老,https://www.xiaohongshu.com/user/profile/5a66c37a4eacab51ffa13134?xsec_token=YB-fHcCly89OssJ4DCwVEwnw9osjSReJFXLsiWZW34Dzo=&xsec_source=app_share&xhsshare=CopyLink&shareRedId=ODwyMUQ5ST02NzUyOTgwNjZFOTdKR0k_&apptime=1773211473&share_id=91d1a59285a24aefb4dae999a0b24e7b,,,,,,,,,,,,,,
职场成长,职场综合能力MCP,"前程无忧、boss直聘（简历优化、面试技巧、跳槽转行、职场薪资、行业职场趋势）；
知乎（职场避坑、PUA 识别、跨部门协作、职场情商、面试实战、跳槽经验）；
小红书（职场穿搭、职场礼仪、办公小技巧、新人入职攻略、效率工具、汇报模板）",4260397249；安妮的职场与生活,谈薪、辞退补偿,https://www.xiaohongshu.com/user/profile/60025b6e00000000010032ce?xsec_token=YBn8c_2wejX1EzRHhOb-XuzeBwh8lBVlHF7MUC7UN30BE=&xsec_source=app_share&xhsshare=CopyLink&shareRedId=ODwyMUQ5ST02NzUyOTgwNjZFOTdKR0k_&apptime=1773211708&share_id=d595c396e1804a89b29b05bfd9329a87,"人群：职场新人、实习生、基层员工、管理者、内向职场人、社恐
场景与需求：
新人入职：适应环境、快速上手、少踩坑、和同事相处
职场沟通：汇报工作、和领导沟通、跨部门协作、对下级沟通
拒绝话术：委婉拒绝额外工作、不背锅、不得罪人
工作复盘：每日 / 每周 / 项目复盘框架、总结写法
时间管理：高效工作、不拖延、优先级、任务规划
升职加薪：谈薪话术、准备材料、时机、表达逻辑
情绪与边界：职场内耗、同事矛盾、职场边界、不讨好
偏好：简短话术、可直接复制、模板化、步骤清晰","场景与问题定位
核心原则（高情商、安全、不踩雷）
可直接复制话术 / 模板 / 步骤
实操执行方法
避雷提醒（禁忌行为）
长期提升建议",职场新人刚入职，应该注意什么才能快速适应,怎么高情商跟领导汇报工作，显得专业靠谱,不想额外加班多干活，如何委婉拒绝同事或领导,每周工作复盘怎么写，有简单通用模板吗,工作总是拖延效率低，怎样做好时间管理,想跟领导提升职加薪，怎么开口不尴尬,跨部门沟通不顺利，有什么实用沟通技巧,总是被迫背锅，如何在职场保护自己,每天事情太多，如何区分工作优先级,职场内向不爱说话，怎么相处不被孤立,职场强刚需、受众广、留存高、实用性极强、标准化高、复询率高、付费意愿强,
,,,954527441；姜Dora在此,女性成长、职业发展,https://www.xiaohongshu.com/user/profile/59b696c25e87e77ea288bab3?xsec_token=YB8TtmH82e2ApQ29QqUSHHy-5ZW7WsjFjNSLR9QJqVVPc=&xsec_source=app_share&xhsshare=CopyLink&shareRedId=ODwyMUQ5ST02NzUyOTgwNjZFOTdKR0k_&apptime=1773211844&share_id=beea60faf9064b5d89df0fce13ecae0b,,,,,,,,,,,,,,
,面试助手MCP,"BOSS 直聘、猎聘（互联网行业面试、中小厂面试、HR 常见提问、职场反问问题）；
慕课（MOOC）（STAR 法则运用、行为面试答题、压力面试应对、薪资谈判）；
B 站（面试模拟、无领导小组讨论、技术面试实操、自我介绍演示）",llllorraine66；LuLu不秃头,求职、面试经验,https://www.xiaohongshu.com/user/profile/61cd67990000000010004d19?xsec_token=YBFBEaURF2cV_0ku2bpOP75nCFvofH2NnZaTL_JTPZaAM=&xsec_source=app_share&xhsshare=CopyLink&shareRedId=ODwyMUQ5ST02NzUyOTgwNjZFOTdKR0k_&apptime=1773211982&share_id=e6fba1c5d04a4fffaac9c1ba302597a3,"求职信息：岗位名称、行业、工作年限、应届生 / 转行 / 跳槽
需求场景：
面试技巧：单面、群面、HR 面、业务面、终面
JD 拆解：根据岗位 JD 提炼要求、关键词、考核重点
技能提炼：岗位必备硬技能、软技能、加分技能
自我介绍：1 分钟 / 3 分钟模板、突出优势
高频问答：优缺点、离职原因、项目介绍、未来规划
场景话术：反问面试官、谈薪资、表达诚意、补救失误
输入形式：可直接粘贴 JD，要求分析与准备方向","岗位与面试类型定位
JD 完整拆解：核心职责、硬性要求、隐性期望
必备技能清单（硬技能 + 软技能）
面试准备重点
自我介绍模板（可直接套用）
高频面试题 + 高分回答思路
避坑提醒（禁忌回答、雷区）
反问面试官话术",面试前要做哪些准备，才能提高通过率,帮我拆解岗位 JD，提炼出核心要求,这个岗位需要掌握哪些技能，我该怎么准备,1 分钟 / 3 分钟面试自我介绍怎么说,面试被问优缺点，如何回答不踩雷,面试中如何优雅谈薪资待遇,应届生面试没有经验，该怎么应对,面试结束反问面试官，问哪些问题加分,项目经历在面试中怎么讲最加分,转行面试，如何突出自己匹配岗位,求职刚需、高频使用、人群广、结构化强、留存高、实用性极强、付费潜力大,
,,,mpgddhh0701；不高兴哈哈大王,职场、面试,https://www.xiaohongshu.com/user/profile/6826cfa3000000000a03e4b9?xsec_token=YBuRMcpYLj1EqfjgunpYppcMYEZxM1dRdL3i8Jxw9V274=&xsec_source=app_share&xhsshare=CopyLink&shareRedId=ODwyMUQ5ST02NzUyOTgwNjZFOTdKR0k_&apptime=1773212109&share_id=3b72e76fde21423995a3f1dbc9fe6985,,,,,,,,,,,,,,
母婴育儿,母婴助手MCP,"国家妇幼健康中心、中国营养学会（中国营养学会）；
丁香妈妈（孕周知识、辅食食谱、发育曲线、睡眠引导、待产包）；
抖音正规儿科 / 产科医生科普（待产清单、辅食做法、哄睡技巧、真实经验）",junjunfushi；君君辅食记,儿童食谱、营养调理,https://www.xiaohongshu.com/user/profile/5c5257e5000000001b039956?xsec_token=YBsjnG-kONNwHxeEZ_v9SqlUihy5qbBi_TkULbeh2Dj9A=&xsec_source=app_share&xhsshare=CopyLink&shareRedId=ODwyMUQ5ST02NzUyOTgwNjZFOTdKR0k_&apptime=1773212209&share_id=bc07a4729975406ca7c06cdd8045eb10,"宝宝信息：月龄 / 年龄、性别、体质、过敏史、性格、发育阶段
妈妈阶段：备孕、孕期、产后、哺乳期、职场妈妈
功能场景：
宝宝辅食：辅食菜单、辅食做法、过敏辅食、营养搭配
绘本推荐：0–3 岁、3–6 岁、性格养成、习惯培养、睡前绘本
亲子互动：在家小游戏、早教互动、专注力、感统训练
母乳 / 奶粉：母乳护理、奶粉选择、转奶、吐奶、胀气
平价母婴好物：待产包、高性价比用品、避坑
产后修复：盆底肌、腹直肌、体态恢复、伤口护理
妈妈情绪：产后情绪、焦虑、内耗、自我调节、减压
限制：预算、在家可做、无器材、新手友好、安全无害","年龄 / 阶段定位
核心问题分析
具体可执行方案 / 步骤 / 清单
安全注意事项 & 避雷
每日 / 每周简单计划
平价替代或省钱建议",6 个月宝宝第一口辅食怎么做，循序渐进菜单,0–3 岁宝宝绘本怎么选，分龄平价推荐,在家适合和宝宝玩什么亲子互动早教游戏,产后如何科学做盆底肌、腹直肌修复,母乳不足怎么追奶，正确哺乳姿势与护理,新手妈妈如何选择奶粉，转奶注意什么,妈妈产后情绪低落焦虑，怎么自我调节,平价实用母婴好物清单，不花冤枉钱,宝宝过敏体质，辅食应该怎么添加更安全,新生儿待产包必备哪些东西，精简不浪费,母婴刚需、家庭高关注、复购极强、留存高、受众精准、场景极丰富,
,,,224437685；戚十二🐰,育儿、孕产经验,https://www.xiaohongshu.com/user/profile/5cb2e9360000000011009c24?xsec_token=YBwzdhE_m-iNMJjihNiM3m4JN7WxXV6cvMBX9VOxZK064=&xsec_source=app_share&xhsshare=CopyLink&shareRedId=ODwyMUQ5ST02NzUyOTgwNjZFOTdKR0k_&apptime=1773212284&share_id=ab845e8c1e534c9b9ef19d99aa216fbf,,,,,,,,,,,,,,
兴趣爱好,兴趣陪伴MCP,"小红书（手工教程、轻食茶饮、小众玩乐、治愈生活技巧）；
知乎（小众爱好科普、兴趣避坑、解压方式、书单影单深度推荐、兴趣养成技巧）",793548614；希柏的书旅记,读书成长、养育内在,https://www.xiaohongshu.com/user/profile/5e1eca880000000001007948?xsec_token=YB1bssF0MQ5G493KAcnRN_7MgwoxUQom4nuxnmIQ5wU-k=&xsec_source=app_share&xhsshare=CopyLink&shareRedId=ODwyMUQ5ST02NzUyOTgwNjZFOTdKR0k_&apptime=1773212469&share_id=67559e7841fe424faddf94bbe3034d4e,"场景与功能：
电影 / 书单：按风格、情绪、年代、人群、主题推荐
塔罗情绪陪伴：情绪解读、内心状态陪伴、决策参考、心灵疏导
文玩入门：科普、鉴别、保养、避坑、入门选购
乐器练习：日常练习计划、简单指法、新手曲目、练琴效率
手账排版：版式、风格、素材、配色、平价工具
其他兴趣：画画、摄影、手工、解压爱好
用户信息：
情绪状态：开心 / 低落 / 迷茫 / 治愈 / 解压
水平：零基础入门、新手、进阶
风格：治愈、悬疑、文艺、搞笑、励志、复古、极简、国风
预算、时间、场景：睡前、通勤、独处、解压、打发时间","需求 & 风格定位
个性化推荐清单 / 练习计划 / 排版方案
入门步骤 / 技巧 / 干货
避雷 & 避坑提醒
工具 / 材料 / 平价好物建议
情绪价值与陪伴引导（塔罗侧重温和疏导）",心情不好很压抑，推荐几部治愈高分电影,零基础想入门文玩，有哪些简单科普和避坑,日常新手乐器练习计划，每天 15 分钟即可,手账简约风排版，有哪些简单好看模板,迷茫内耗的时候，适合看什么书单提升自己,用塔罗帮我做情绪陪伴，解读当下内心状态,周末宅家无聊，有什么低成本解压兴趣爱好,学生党平价手账工具，有哪些不踩雷推荐,睡前安静治愈的书籍和电影推荐,零基础想学一种简单乐器，该怎么开始,用户停留长、治愈解压、覆盖面广、复询高、轻量化、内容易标准化、年轻用户强喜好,
,,,qiepianjihua；切片计划,电影推荐、深度思考,https://www.xiaohongshu.com/user/profile/5c77522c000000001200adfa?xsec_token=YBgj1AFUoFu_NQEoZGTcoC8VSlYyu2SdI1x2lSvRc-Fqw=&xsec_source=app_share&xhsshare=CopyLink&shareRedId=ODwyMUQ5ST02NzUyOTgwNjZFOTdKR0k_&apptime=1773212555&share_id=ed213635ff7e422c8f6ccd495c2266cf,,,,,,,,,,,,,,
,唱歌音准训练MCP,"唱吧、全民 K 歌（音准评分逻辑参考）；
小红书 / 抖音 正规声乐博主、专业声乐老师（生活化、高频问题、简单训练法）；
中央音乐学院 公开课 / 官方科普（音准、音阶、乐理、视唱练耳标准理论）",Vv15845552469；曲不曲,多种曲风教学,https://www.xiaohongshu.com/user/profile/641ef9b60000000012010ec8?xsec_token=YBb2xJk-p5xKqf0qv2uj_kEA4drG0C2ORhVcILZteHah4=&xsec_source=app_share&xhsshare=CopyLink&shareRedId=ODwyMUQ5ST02NzUyOTgwNjZFOTdKR0k_&apptime=1773212636&share_id=af2e550750a0400c992bedeae2f42739,"多模态输入
文本：描述问题、音准情况、音域、唱法、歌曲名
音频：用户清唱片段（用于判断音准、跑调、音高）
语音：用户直接语音唱歌、提问
文本信息
水平：零基础、完全跑调、KTV 新手、有点音准、想进阶
问题：唱歌跑调、听不出音高、高音上不去、低音下不来、跟不上调、不会找调、五音不全
需求：音准训练、音阶练习、听辨音高、节奏训练、简单歌曲跟练、气息辅助音准
场景：日常练习、KTV、短视频唱歌、学生兴趣","音准问题诊断（跑调类型：听不准 / 唱不准 / 气息不稳 / 音域不够）
适合用户的每日音准训练计划（5/10/15 分钟）
基础音阶练习：do-re-mi-fa-so-la-si-do 练习方法
简单练声曲、咬字、气息配合技巧
听音辨音小练习（不用乐器也能练）
1～2 首适合练音准的简单歌曲 + 跟练要点
常见错误纠正 + 长期提升建议",我唱歌总是跑调，怎么训练音准,五音不全零基础，每天怎么练音准,帮我听一下我唱得准不准（音频输入）,简单的音阶练声方法，每天 10 分钟,如何训练听音辨音，提高音感,唱歌跟不上调、找不到调怎么办,有哪些适合练音准的简单歌曲,气息不稳影响音准，怎么改善,KTV 想不跑调，最实用的音准技巧,每天坚持什么练习能快速提高音准,强兴趣需求、多模态天然适配、互动性强、留存高、可高频练习、年轻用户喜爱、付费潜力大,
,拍照构图MCP,"蜂鸟网（系统构图知识、专业术语、通用规则）；
小红书 / 抖音 摄影博主（当下最流行、用户最常问的内容）；
Canon、Nikon、Sony 入门教程、华为 / 苹果 / 小米 / OPPO 官方拍照教程（科学、官方、无误导、最安全）",2972267992；Shelly雪丽,美食构图,https://www.xiaohongshu.com/user/profile/62cfe26f00000000020005c8?xsec_token=YB6Y6cTXyWCh8je7QL49d27V1kCCmnKMxNFWnQ-em6FXU=&xsec_source=app_share&xhsshare=CopyLink&shareRedId=ODwyMUQ5ST02NzUyOTgwNjZFOTdKR0k_&apptime=1773212874&share_id=db93c789d25d4383a1763e5048c8172c,"拍摄对象：人像、自拍、全身照、半身照、风景、美食、静物、宠物、街拍、产品
场景：室内、室外、旅行、日常、宿舍、卧室、逆光、阴天、夜晚、探店
人群 / 身材：小个子、微胖、圆脸、方脸、梨形、高个子
风格：氛围感、清冷、日系、韩系、复古、极简、高级感、治愈
痛点：不会摆姿势、拍出来显胖、画面杂乱、不会找角度、拍糊、没层次
可输入图片：用户上传自己拍的照片，AI 点评构图问题并修改建议","拍摄场景 & 风格定位
推荐构图方法（文字 + 通俗解释）
具体拍摄角度、距离、站位
光线与背景小技巧
避坑：常见错误构图
简单可复制的姿势 / 布局",手机拍照有哪些最简单的构图技巧？,人像拍照怎么构图显高显瘦？,旅行风景照怎么拍才有高级感？,美食拍照最简单好看的构图方法,我这张照片构图哪里不好，怎么改？,小个子全身照构图与角度技巧,室内氛围感照片如何构图？,什么是三分法构图？怎么用手机拍？,街拍随手拍，怎样构图不杂乱？,静物 / 产品拍照，干净高级构图教程,高频刚需、上手极快、女性用户喜爱、实用性强、留存高、多模态适配,
,,,WongStudio2021；Wong_阿黄,人像构图,https://www.xiaohongshu.com/user/profile/5b854d6446306100014be621?xsec_token=YBg8_pjXo8YiUGaTmHd5c8tFh52pRtu1x7076oW8th8XE=&xsec_source=app_share&xhsshare=CopyLink&shareRedId=ODwyMUQ5ST02NzUyOTgwNjZFOTdKR0k_&apptime=1773213022&share_id=fc6d18a1003944168673a10c412cb7ce,,,,,,,,,,,,,,
,文物鉴别 MCP,"博物馆官网藏品库
短视频切片：听泉鉴宝直播话术、黑话、典型案例；
华夏收藏网、博宝论坛等专业社区",11672463523；听泉鉴宝,娱乐化鉴宝,https://www.xiaohongshu.com/user/profile/6646cf71000000000303337b?xsec_token=YB48J4iRv9Dbb_vvk43cJAwiVD9-TZr0TZ6MHN2lzj2PY=&xsec_source=app_share&xhsshare=CopyLink&shareRedId=ODwyMUQ5ST02NzUyOTgwNjZFOTdKR0k_&apptime=1773302731&share_id=4ac98d2b6f0a410fb18401649b194853,"藏品图片 / 描述
品类：钱币 / 瓷器 / 玉器 / 铜器 / 书画 / 杂项
拍摄视角：正面 / 细节 / 底款 / 边齿
需求：断代 / 辨伪 / 估价 / 评语","品类
年代
真伪结论
关键依据
市场估价",鉴定这枚古钱币真伪并估价,看这件瓷器是新还是老,这块玉是不是和田玉,这个铜炉是老的吗,帮我看这幅字画开门吗,这枚银元是真的还是假的,看底款断代并给评语,这个手串是什么材质,这件摆件是工艺品还是古董,用听泉风格鉴定这件东西,文玩 AI 助手、娱乐鉴宝交互、藏品快速初筛、知识科普工具,
投资理财,投资理财综合MCP,"六大国有银行 + 全国性股份制银行官方公众号、官网（银行存款、大额存单、稳健理财常识、银行理财风险等级）；
正规持牌基金公司、保险公司官方科普内容（基金、保险基础常识）；
中国人民银行官网（金融基础常识、利率知识、征信科普、存款政策、反诈骗、虚拟货币监管提示）",26534272341；婷宝在理财,打工人理财,https://www.xiaohongshu.com/user/profile/612c6751000000000100b7d0?xsec_token=YBLJZzXODRTiahPwRvdfwmd1E6t4ryy3CCtflMu-JoqiM=&xsec_source=app_share&xhsshare=CopyLink&shareRedId=ODwyMUQ5ST02NzUyOTgwNjZFOTdKR0k_&apptime=1773213184&share_id=2d194ea6f296405aa720d4d95c06e3ac,"人群：学生、上班族、已婚家庭、单身、中年人、老年人、理财小白
场景与需求：
理财理念：长期投资、价值投资、复利思维、稳健理财
现金流：个人 / 家庭收支管理、储蓄习惯、月光改善
低风险产品：银行存款、大额存单、国债、逆回购、债券基金、货币基金对比
风险科普：股票、基金风险等级、波动原理、亏损原因、避雷
资产配置：家庭钱怎么分配、备用金、保险、投资、消费比例
养老规划：长期养老存钱计划、稳健养老方式、提前准备
防诈骗：杀猪盘、刷单、高收益投资、虚假理财、传销式金融骗局识别
限制：风险承受能力、本金安全、可投入金额、投资期限","个人 / 家庭财务状况定位
可执行理财方案
产品对比与选择建议（只科普、不荐股、不具体推荐某只产品）
资产配置比例模板
风险提示与合规边界
防诈骗识别要点
长期坚持计划与心态管理",小白如何建立正确的长期投资理念,个人与家庭现金流管理怎么做才不会月光,国债和银行存款哪个更安全、收益更高,低风险理财有哪些，适合普通人的稳健方式,股票和股票型基金有什么风险，新手要注意什么,普通家庭资产配置怎么分配最合理,如何从现在开始做长期养老规划,常见金融投资诈骗有哪些，怎么防范,每月只有几百元可以怎么开始理财,复利思维在普通人长期存钱中怎么应用,全民刚需、强留存、高实用、合规性强、覆盖全年龄段、长期使用、教育价值高,
,,,1072488485；7分钟罗元裳,理财技巧,https://www.xiaohongshu.com/user/profile/5fbb58ed00000000010027d7?xsec_token=YBe1t9Cx1WLq3uxfCl6iH79Tr4RehrF3oArMA0OOGGGWA=&xsec_source=app_share&xhsshare=CopyLink&shareRedId=ODwyMUQ5ST02NzUyOTgwNjZFOTdKR0k_&apptime=1773213287&share_id=93376dcc0d2f492ea39d00b0743e743b,,,,,,,,,,,,,,
情感心理,心理陪伴MCP,"知乎（认证心理咨询师、医院账号、专业机构回答）；
小红书（温和疗愈、放松技巧、情绪安抚、自我关怀；
北京大学第六医院公众号（科学情绪知识、放松方法、误区辟谣、风险识别）；
国家心理健康和精神卫生防治中心官网（标准定义、科普知识、安全方法、危机干预指引）",6116877934；哈比💛情感困惑｜主播套路,亲密关系、原生家庭,https://www.xiaohongshu.com/user/profile/63f1c561000000001001ccf3?xsec_token=YBxlz0DOEqpnZ0xzRpqKoz_Uqnml8zGaohN_73HTgfnts=&xsec_source=app_share&xhsshare=CopyLink&shareRedId=ODwyMUQ5ST02NzUyOTgwNjZFOTdKR0k_&apptime=1773214291&share_id=fbae39a939d040b193302349002eb357,"用户状态与人群
情绪：焦虑、内耗、自卑、孤独、低落、迷茫、压力大、失眠胡思乱想
性格：讨好型、敏感、社恐、内向、缺爱、玻璃心、过度在意别人看法
经历：原生家庭创伤、情感伤害、自我否定、长期压抑、人际关系内耗
功能与需求
自我接纳与疗愈：自我和解、停止自我攻击、自愈练习
讨好型人格修复：学会拒绝、建立边界、不再委屈自己
原生家庭和解：走出童年影响、与父母和解、独立人格
独处幸福感：不怕孤独、一个人也快乐、内心自足
焦虑情绪缓解：快速平复、停止胡思乱想、放松方法
安全感提升：不依赖他人、精神独立、内心稳定
自信建立：提升气场、摆脱自卑、敢表达、敢拒绝
高情商话术：沟通、表达需求、委婉拒绝、得体回应、不伤人不得罪
情绪管理：不崩溃、不内耗、不敏感、不情绪化
偏好
文字疗愈、心理小练习、冥想引导、日常习惯、话术模板、认知调整","当下心理状态简要梳理
核心问题根源（温和解读，不刺激）
认知纠正：打破错误思维
可立即执行的疗愈 / 练习方法
高情商可复制话术（如适用）
日常长期成长建议
安全边界与避雷：停止内耗行为",我总是自我否定、内耗严重，如何做到自我接纳与疗愈,讨好型人格活得太累，怎样不再讨好、建立边界,原生家庭带来的自卑和缺爱，该怎么慢慢自愈,害怕独处、一安静就焦虑，如何提升独处幸福感,长期自我否定，怎样慢慢接纳自己,很自卑不喜欢自己，如何真正爱自己,总是苛责自己，怎么停止自我攻击,很自卑不敢表达，怎样一步步建立自信和底气,总是情绪崩溃、精神内耗，最简单的修复方法是什么,怎样真正接纳自己的所有情绪和缺点,强需求、高粘性、治愈向、停留时长高、全年龄段适用、复询极高、无合规风险、用户心智强,
,,,fazer1995；治愈果（kakki在说啥）,情绪稳定、焦虑自救,https://www.xiaohongshu.com/user/profile/54e6b8c3d39ea20e6b58e266?xsec_token=YBA5e6cUonjwxF06jXqkUgU2CIJdoG7Hqc5LQOL0aFmBo=&xsec_source=app_share&xhsshare=CopyLink&shareRedId=ODwyMUQ5ST02NzUyOTgwNjZFOTdKR0k_&apptime=1773224300&share_id=b42b4560eb5c440481514473f8316793,,,,,,,,,,,,,,
,异地恋维护MCP,"小红书（异地恋真实相处经验、吵架和好案例、常见误区避坑、长期维系干货）；
B 站正规心理博主、情感科普 UP 主（异地恋沟通技巧、误区解析、心态调整、吵架应对
特点：可视化讲解，可拆解文字版知识点，通俗易懂）",Asriel1103;Muchen的情感小专栏,异地恋经验、恋爱技巧,https://www.xiaohongshu.com/user/profile/65e05116000000000500d374?xsec_token=YBJOl2L_RjKoXTbKMvbvM2ngD0GiieqXfN7ast76qR-To=&xsec_source=app_share&xhsshare=CopyLink&shareRedId=ODwyMUQ5ST02NzUyOTgwNjZFOTdKR0k_&apptime=1773213872&share_id=3069056f55224273bd4aeb00f4573118,"恋爱阶段：刚异地、异地半年、异地多年、即将结束异地、冷战期
核心问题：
缺少安全感、多疑、患得患失
聊天变少、话题枯竭、无话可说
经常吵架、冷战、互相不理解
见面少、距离远、未来不确定
信任危机、猜忌、查岗、控制欲
情绪得不到安抚、孤独委屈
场景需求：
异地高情商聊天话术
吵架 / 冷战修复方法
仪式感、共同小事、增进感情
见面规划、未来安排
信任重建、边界感、异性社交
输入形式：文字描述矛盾经过、情绪状态、诉求。","关系现状与矛盾根源分析
安全感 & 信任重建思路
可直接复制的沟通 / 道歉 / 哄人话术
异地专属相处规则（聊天频率、见面计划、边界感）
不枯燥的异地恋互动方式
吵架避雷、避免冷战技巧
长期稳定走下去的长期建议",恋爱中如何掌握异地恋相处的技巧,恋爱中如何异地恋沟通,异地恋有什么需要避雷的,异地的时间怎么安排,异地恋见面少、长期不见面该怎么坚持,焦虑为什么要异地,异地恋每天该怎么聊天才不尴尬,异地恋长久走下去的关键是什么,异地的成长路径,异地的技巧有哪些,情感强刚需、用户粘性高、痛点明确、治愈陪伴、复询率高、易标准化,
,,,Emily2275114977;小杨在恋爱,异地沟通,https://www.xiaohongshu.com/user/profile/65d59999000000000b032247?xsec_token=YBunROjPny0poKk9Pr16qUCt9UFY9xysNt4yW9EvWC_KY=&xsec_source=app_share&xhsshare=CopyLink&shareRedId=ODwyMUQ5ST02NzUyOTgwNjZFOTdKR0k_&apptime=1773214218&share_id=318bbf43466c4a69b64341458a24b980,,,,,,,,,,,,,,
,分手情绪疏导MCP,"B 站（正规心理 UP 主讲失恋、情绪修复）；
红书（自愈、成长、放下、爱自己、情绪疏导）；
清华、北大、北师大心理中心公开科普（情绪崩溃、焦虑、失眠、自我否定的科学缓解）",2551930101；40岁断崖式分手的童叔,断崖式分手自救,https://www.xiaohongshu.com/user/profile/65aab355000000001300b16a?xsec_token=YBUo19AmMT4fJ9DYkZLHzYB0KdLgkJn-1okki7hp-7elk=&xsec_source=app_share&xhsshare=CopyLink&shareRedId=ODwyMUQ5ST02NzUyOTgwNjZFOTdKR0k_&apptime=1773224425&share_id=2e5ad5c076ef4e288a5761050cb1e7e9,"用户状态
分手阶段：刚分手、被分手、主动提分手、分手很久仍走不出、反复拉扯
情绪：崩溃大哭、失眠、心慌、不甘心、自责、后悔、想复合、反复回忆、嫉妒、空虚、自我怀疑
行为：视奸对方、忍不住想联系、酗酒熬夜、无心工作学习、情绪反复
需求场景
情绪急救：快速不哭、不崩溃、缓解心痛
失眠疏导：睡前平复、停止胡思乱想
放下执念：不再想对方、戒掉依赖
自我重建：找回自己、恢复生活、重建自信
避免视奸 / 忍不住联系：克制冲动方法
判断是否该复合、是否值得回头","情绪状态共情与接纳（不指责、不灌鸡汤）
痛苦根源简单解读（执念 / 习惯 / 不甘 / 爱）
当下紧急疏导方法（5～10 分钟平复情绪）
失眠、心慌、想哭时的具体缓解动作
断联 / 克制联系的心理技巧
每日自愈小步骤（吃饭、作息、社交、转移）
认知清醒：客观看待关系、值不值得、未来现实
长期走出失恋、重建自我的节奏计划",分手怎么走出来？求详细教程和注意事项,刚分手心里特别难受，怎么走出来,分手后一直放不下，总是想他怎么办,被分手了很自卑，觉得自己很差劲,分手后失眠、想哭、情绪崩溃怎么缓解,分手后反复内耗、胡思乱想该怎么停止,明明很爱却不得不分手，心里很痛,明明很爱却不得不分手，心里很痛,分手后不甘心、意难平怎么平复,分手很久还是走不出来，该怎么治愈自己,强情感刚需、共情粘性极高、用户停留久、痛点极致、复询高、陪伴属性强,
,婚姻相处技巧MCP,"央视财经、人民日报生活板块、中国妇女报（正向婚姻观、平等相处、家庭责任共担、反婚恋陋习）；
知乎（婚姻真实相处案例、常见问题解决方案、误区避雷、沟通技巧实战）",645358187；暖相守文化,婚姻家庭治疗师,https://www.xiaohongshu.com/user/profile/5d02601a0000000016034e0c?xsec_token=YB0qdHzuK2bvwtmBwuGtSzXn9eixtTxtf4X_Dso_T_aoY=&xsec_source=app_share&xhsshare=CopyLink&shareRedId=ODwyMUQ5ST02NzUyOTgwNjZFOTdKR0k_&apptime=1773224536&share_id=caf2e5af8136436b8be3290b2a31a26b,"婚姻阶段：新婚、备孕、孕期、育儿期、中年婚姻、长期平淡期
核心问题：
沟通不畅、无话可说、经常冷战吵架
婆媳关系、家庭边界、育儿观念不合
缺乏仪式感、感情变淡、新鲜感消失
信任问题、安全感不足、情绪忽视
金钱消费观不合、家务分配不公
异地婚姻、丧偶式婚姻、陪伴缺失
需求场景：
高情商沟通话术、好好说话不伤人
吵架修复、道歉和解、避免翻旧账
家务分工、金钱管理、家庭共识
边界感建立（原生家庭、异性社交）
平淡婚姻重拾甜蜜、长期保鲜
情绪稳定、互相理解、减少内耗","关系问题与根源简要分析
核心相处原则（尊重、边界、情绪、责任）
可直接复制的沟通 / 道歉 / 表达需求话术
矛盾化解方法：不冷战、不指责、不翻旧账
家务、金钱、育儿、婆媳实际分工方案
日常保鲜小习惯、仪式感、陪伴方式
避雷禁区：婚姻最伤感情的行为
长期稳定幸福的相处模式建议",结婚后感情越来越淡，该怎么维护婚姻,夫妻总是因为小事吵架，如何好好沟通,婚姻里没有新鲜感，怎么保持甜蜜,婚后无话可说，怎样增加共同话题,老公 / 老婆不体谅人，应该怎么相处,婚姻的意义是什么,婚姻中出现矛盾，怎么正确解决不冷战,婚姻应该保持什么心态,婚姻的成长路径,婚后忽略对方，怎样重新重视彼此,家庭刚需、受众极广、痛点真实、留存高、陪伴性强、实用性拉满,
学习提升,学习自律MCP,"B 站 / 小红书的自律打卡、逆袭故事、复盘经验分享；
知乎：“自律”“学习方法”“时间管理” 高赞回答与专栏；
",26206682110；清华Emma学姐,文学、学习技巧,https://www.xiaohongshu.com/user/profile/67886578000000000801abf5?xsec_token=YBx34Qb6DXbarlpclHdGng-MSYj-z3yKE20JRCyVGO1x8=&xsec_source=app_share&xhsshare=CopyLink&shareRedId=ODwyMUQ5ST02NzUyOTgwNjZFOTdKR0k_&apptime=1773224628&share_id=04fd3c3a8a5244488677d980874568b0,"身份与阶段
学生：小学、初中、高中、大学、期末冲刺、零基础
备考：考研、考公、四六级、证书考试、行测申论
技能：编程、外语、速读速记、读书笔记、错题整理
场景与需求
期末突击：短期提分、重点梳理、熬夜急救
读书笔记：阅读方法、思维导图、输出笔记、高效吸收
错题复盘：错题本逻辑、同类题归纳、不再二次错
自律习惯：戒掉拖延、早起、专注、时间规划
语言学习：单词记忆、听力、口语、语法、长期节奏
速读速记：快速阅读、背书技巧、短时记忆
编程入门：零基础路线、工具、练手项目、避坑
考公行测：题型技巧、刷题方法、时间分配
四六级：听力、阅读、写作模板、备考计划
考研规划：全程阶段、专业课、公共课、作息安排","当前水平 & 目标定位
核心问题诊断（拖延、方法错、效率低）
可执行计划（日计划 / 周计划 / 阶段计划）
具体方法步骤（模板、套路、口诀、技巧）
避坑：常见低效学习误区
坚持动力与自律小技巧",期末考试只剩几天，如何高效突击快速提分？,正确的读书笔记怎么做才能真正记住？,错题复盘有什么科学方法，不再重复犯错？,总是拖延不自律，怎样养成长期学习习惯？,零基础如何开始自学编程，不走弯路？,英语单词记不住，有什么高效速记方法？,四六级怎么备考最省力，一次通过？,考公行测不会提速，有哪些蒙题和解题技巧？,如何训练速读速记，看书背书更快？,零基础考研，完整全年规划怎么做？,全民刚需、强实用、高留存、学生 + 职场全覆盖、复询极高、易标准化,
,,,"Soen0606；
哆啦梦同学🎨",大学生学习方法,https://www.xiaohongshu.com/user/profile/598762485e87e743e3bd34db?xsec_token=YBCMrmJjbtomoEAUMacti0l_3vfu1zQuPab4daMW3WMfM=&xsec_source=app_share&xhsshare=CopyLink&shareRedId=ODwyMUQ5ST02NzUyOTgwNjZFOTdKR0k_&apptime=1773224782&share_id=cec4de98f1e9463ca9d348df0975ff88,,,,,,,,,,,,,,
法律常识,消费者维权MCP,"核心法律（《民法典》合同编、侵权责任编、《中华人民共和国消费者权益保护法》）；
12315 平台规则、投诉须知、受理范围（维权全流程）；
中国裁判文书网（权威案例与裁判来源）；
淘宝、京东、拼多多、抖音电商售后规则（行业规则与平台规则）",,,,"消费场景
网购、直播带货、外卖、线下门店、微商、二手平台
快递丢失 / 破损、生鲜变质、虚假宣传、货不对板
预付卡 / 会员卡跑路、健身房 / 教育机构不退款
售后拒退、拒换、拒修、过度扣费、隐形消费、霸王条款
需求类型
退货、退款、换货、补发、赔偿、道歉
维权渠道：平台投诉、12315、12345、黑猫投诉
维权话术、举证方法、协商流程、投诉文案
合同 / 订单 / 小票 / 聊天记录举证指导
身份：普通消费者、学生、上班族、老人、商家纠纷","维权事实与责任判定（谁的问题）
可主张的合法权益（退款 / 换货 / 赔偿等）
最简维权步骤（从协商→投诉→升级）
可直接复制的协商 / 投诉话术
所需证据清单与收集方法
官方投诉渠道与使用方式
避雷：无效做法与过激风险",网购货不对板，商家不给退货退款怎么维权,快递丢失 / 破损，快递公司不赔偿怎么办,办理预付卡后商家跑路，如何追回钱款,外卖食品变质发霉，合法维权能要多少赔偿,被虚假宣传误导消费，怎么投诉退款,商家有霸王条款、强制消费如何维权,12315 投诉流程是什么，怎么写投诉内容,直播间买东西被骗、质量差怎么维权,维权需要哪些证据,商家拒绝售后、态度恶劣该怎么处理,全民刚需、高频痛点、实用性极强、合规安全、用户粘性高、社会价值强,
,民生法律知识科普MCP,"核心法律（《民法典》、《中华人民共和国消费者权益保护法》、《道路交通安全法》）；
中国法律服务网、12348 法网；
中国裁判文书网公开裁判文书（典型案例与裁判来源）","205521659；
闺蜜刘律刘华媚",民事诉讼纠纷,https://www.xiaohongshu.com/user/profile/5cbb4ef9000000001703a408?xsec_token=YBbC224Nsbd7OHFtcFwkmE1i1PniVb19ZFIi4hhyZ-9EE=&xsec_source=app_share&xhsshare=CopyLink&shareRedId=ODwyMUQ5ST02NzUyOTgwNjZFOTdKR0k_&apptime=1773224036&share_id=0e1f66e6a5ed48c1a17ee2fca091ae7d,"交通事故：出险流程、拍照取证、责任认定、保险理赔、私了 / 报警判断、追尾 / 剐蹭处理
个人信息保护：骚扰电话、短信泄露、APP 过度索权、人脸信息、快递信息、被倒卖、被骚扰
劳动合同：入职合同、试用期、社保五险一金、辞退赔偿、不签合同、加班、扣工资、离职流程
网贷负债：高利贷、砍头息、暴力催收、征信影响、合法利率、停止催收、协商还款
其他民生：租房合同、押金不退、劳动仲裁、防诈骗、个人隐私保护
用户状态
正在遭遇事故 / 被辞退 / 被催收 / 信息泄露 / 被骗
即将入职、租房、贷款、买车、买保险
零基础法律小白，需要简单步骤 + 话术","场景与风险定位
简明法律依据（通俗版，不晦涩）
一步一步实操流程（可直接照做）
必备证据清单 & 保存方法
可复制沟通 / 投诉 / 报案话术
官方渠道：110、12345、12315、劳动仲裁、法院起诉指引
禁区：绝对不能做的事、常见陷阱
维权成本与成功率简单判断",发生交通事故第一时间该做什么？完整处理流程,被追尾 / 剐蹭，如何拍照取证、走保险、不被坑,个人信息泄露被骚扰，怎么保护自己、停止泄露,APP 过度索要权限，如何合法保护个人隐私,入职不签劳动合同、不交社保，公司违法吗？怎么维权,被公司无故辞退、扣工资，能要多少赔偿,试用期被辞退、不给工资，合法吗？该怎么办,网贷暴力催收、爆通讯录，如何合法停止、保护自己,怎么判断网贷是不是高利贷、砍头息？,离职时公司不让走、扣押金，正确处理方法,全民刚需、安全感强、实用性极高、合规可控、用户粘性极强、社会价值高、留存高,
,,,11412396491；热心王律,案例科普,https://www.xiaohongshu.com/user/profile/66558e4c000000000d025ead?xsec_token=YB-DoCBYyQSbyjayDxW-NXuQONwU7qwPNWWbX_DIgoSm4=&xsec_source=app_share&xhsshare=CopyLink&shareRedId=ODwyMUQ5ST02NzUyOTgwNjZFOTdKR0k_&apptime=1773224157&share_id=f7895c1fdfe44568a12677be65e9639d,,,,,,,,,,,,,,
,,,666010791；壹格律师,法律解析,https://www.xiaohongshu.com/user/profile/5e3ff0c80000000001007d2b?xsec_token=YBfbP09alnwQpRIsUEspjZO7Yru2ksbMEx3C3ox_HzM_w=&xsec_source=app_share&xhsshare=CopyLink&shareRedId=ODwyMUQ5ST02NzUyOTgwNjZFOTdKR0k_&apptime=1773224991&share_id=fdf53c781e3d4e4ba7bbe534bb3d81d5,,,,,,,,,,,,,,
汽车出行,汽车综合知识MCP,"各品牌官网配置、说明书、保养手册；
工信部机动车产品公告；
中国保险行业协会《机动车交通事故责任强制保险条款》等法律条款",263451219；汽车萌主,汽车知识、避坑指南,https://www.xiaohongshu.com/user/profile/58da8b8f50c4b415732c13bc?xsec_token=YBOhnXn8N8NWRFjMF322OmPIE8txZ3tSYqAvlwpzoZ-YE=&xsec_source=app_share&xhsshare=CopyLink&shareRedId=ODwyMUQ5ST02NzUyOTgwNjZFOTdKR0k_&apptime=1773225150&share_id=da0b540bd1074f2992ce0b7e350a18cb,"场景与需求
选车攻略：家用 / 代步 / 省油 / SUV / 轿车、预算范围、新手第一辆车、油车电车混动对比
车险选择：交强险、三者险、车损险、不计免赔，怎么买最划算、不被坑
开车技巧：新手上路、倒车入库、侧方停车、高速安全、雨天雾天、省油技巧
汽车故障灯：仪表盘各种故障图标含义、红灯黄灯分别该怎么办
保养常识：首保、常规保养项目、周期、费用、4S 店避坑、哪些项目没必要做
用户信息
身份：纯新手司机、女司机、学生、上班族、家用车主
预算、用车场景、城市代步 / 长途 / 家用","需求与场景定位
直白结论 + 建议（不专业黑话）
分步实操步骤 / 选购方案
避坑要点（4S 店、保险、保养套路）
关键图标 / 项目图解式解释
省钱、安全、实用小技巧",新手第一辆车怎么选？油车、电车、混动哪个适合家用,2025 车险怎么买最划算？哪些必买，哪些可以不买,新车第一次保养要做什么，首保免费注意什么,仪表盘上各种故障灯亮了分别是什么意思,新手开车上路最实用的安全驾驶技巧,倒车入库、侧方停车最简单易懂的方法,汽车常规保养有哪些项目？多少公里保养一次,4S 店保养最常忽悠人的项目，哪些没必要做,高速开车有哪些禁忌和安全注意事项,电车和油车日常使用成本对比，哪个更省钱,全民刚需、男性女性全覆盖、实用性极强、留存高、高频查询、内容极易标准化,
,,,LR_mcsz;美少女车管所所长,买车,https://www.xiaohongshu.com/user/profile/56343b9703eb84067efaf542?xsec_token=YBSSbpAQ1p1HiyuyRtnhRoTIFfZWg1Sqpm5dB---28_Ss=&xsec_source=app_share&xhsshare=CopyLink&shareRedId=ODwyMUQ5ST02NzUyOTgwNjZFOTdKR0k_&apptime=1773225676&share_id=a998bfc297834cea87dc05de6708c675,,,,,,,,,,,,,,
文艺创作,文案创作MCP,"国家市场监督管理总局（广告监管司）（商业文案合规性）；
公众号 / 小红书 / 抖音 10W + 爆文标题、文案结构；
淘宝 / 京东 / 拼多多高转化详情页、卖点文案",6703348434；房琪kiki,旅行文案,https://www.xiaohongshu.com/user/profile/5bf9ff7e999837000189d106?xsec_token=YBoRAbh8tpzG47wlgyLYCrR6ZYqY1sNy2ndMhYp1ao2ic=&xsec_source=app_share&xhsshare=CopyLink&shareRedId=ODwyMUQ5ST02NzUyOTgwNjZFOTdKR0k_&apptime=1773225751&share_id=33952c3d79944bf9859a98c998de0295,"使用场景
朋友圈、小红书、抖音、微博、头像签名、私信表白
商业：产品文案、宣传语、标题、口号、简介、店铺文案
节日生日：生日、新年、中秋、圣诞、婚礼、升学、乔迁、慰问
职场：工作总结标题、活动文案、通知文案、海报文案
情感：治愈、清醒、励志、温柔、伤感、释怀、暗恋
风格要求
高级、简约、治愈、文艺、沙雕、搞笑、古风、清冷、温柔、小众、高级感
限制条件
字数、长短句、是否押韵、是否带符号、是否文艺不矫情。","文案定位（场景 + 风格 + 情绪）
多版本成品文案（3～5 条，可直接复制）
适用配图 / 发布建议
可替换关键词（方便灵活修改）",写一组高级干净的旅行朋友圈文案,创作一段适合深夜发的治愈系文案,旅行朋友圈高级干净文案,生日文案，低调有质感不矫情,给朋友的生日走心祝福语,打工人搞笑摆烂文案,新年简短高级不土的祝福语,适合考试、上岸的励志文案,小众不烂大街的个性签名,励志自律、提升自己的文案,使用频次极高、全年龄段通用、轻量化、易标准化、用户留存与粘性极强。,
,,,9959677974；再吃半颗橙子_,情绪文案,https://www.xiaohongshu.com/user/profile/64dd68d8000000000100d398?xsec_token=YBWXgy5FKa_LagmpMCjbKSM692_1svyGXQh5ax0R-SSyk=&xsec_source=app_share&xhsshare=CopyLink&shareRedId=ODwyMUQ5ST02NzUyOTgwNjZFOTdKR0k_&apptime=1773225831&share_id=4d9799386f924495953ad0697203939a,,,,,,,,,,,,,,
,短视频脚本MCP,"国家市场监督管理总局官网（《广告法》《互联网广告管理办法》、极限词、宣传违禁内容、医疗美妆食品合规）；
抖音、小红书等平台官方规则中心；
小红书创作中心（种草脚本、vlog 脚本、干货脚本、图文转视频脚本）",fafafa12168；编导小鬼谷,各类视频文案、脚本撰写技巧,https://www.xiaohongshu.com/user/profile/63d92e4b000000002702b029?xsec_token=YBKxMGsa7dwkMkMIJ_8kNKUR0Vvs5HqP3fn7mZTC1NOhE=&xsec_source=app_share&xhsshare=CopyLink&shareRedId=ODwyMUQ5ST02NzUyOTgwNjZFOTdKR0k_&apptime=1773213501&share_id=4d4135621ec44c5e9036521993c29940,"账号领域：情感、治愈、职场、干货、知识科普、美妆、穿搭、美食、探店、育儿、母婴、剧情、搞笑、好物、探店、汽车、理财、法律、文案、学习励志
视频形式：口播、剧情、情景剧、vlog、干货讲解、好物开箱、街采、配音图文、变装、对比类
时长：6s、15s、30s、45s、60s、90s
需求：开头黄金 3 秒、吸睛标题、矛盾点、反转、爆款结构、引流话术、点赞评论引导、带货脚本、人设塑造
风格：治愈、高级、搞笑、扎心、清醒、干货、温柔、悬疑、强节奏、接地气","视频基础信息
时长｜领域｜风格｜核心亮点
视频标题（3～5 个爆款标题）
完整分镜脚本（表格最简版）
镜号｜画面｜镜头｜台词 / 口播｜音效 / 字幕
拍摄小技巧
运镜、转场、节奏、表情、重点字幕位置
结尾引导
点赞、关注、评论、收藏话术",写一个 15 秒情感治愈口播短视频脚本,30 秒职场干货知识类脚本怎么写,好物推荐带货短视频完整脚本,搞笑剧情类短视频简单脚本,开头 3 秒抓人的爆款知识科普脚本,小红书氛围感 vlog 短视频脚本,情感扎心短句配音图文脚本,探店美食类短视频拍摄脚本,新人博主口播自我介绍脚本,高点赞结尾引导关注的脚本结构,刚需极强、使用率高、商业价值大、极易标准化、多平台通用（抖音、快手、小红书、视频号）,
,,,11699426570；小白和大V就差两个字,内容创作,https://www.xiaohongshu.com/user/profile/661430270000000003033d79?xsec_token=YBS4X23ofk2ByyWyk535ziYzsdqvCRkipkBrFN4CGf7Uw=&xsec_source=app_share&xhsshare=CopyLink&shareRedId=ODwyMUQ5ST02NzUyOTgwNjZFOTdKR0k_&apptime=1773225890&share_id=0c567733336e4a658f5478a645bd52dc,,,,,,,,,,,,,,
AI工具效率,AI思维导图MCP,"国内 AI 思维导图工具（豆包 AI 思维导图、文心一言导图生成）；
XMind 官方教程、幕布、ProcessOn 模板中心",,,,"输入内容
文本：知识点、文章、演讲稿、书籍、会议记录、故事、需求文档、一段话
结构：文章大纲、复习提纲、工作流程、项目框架、章节结构
场景：期末总结、读书笔记、论文大纲、活动方案、产品逻辑、流程梳理
多模态：可上传图片 / 文档，AI 提取内容并生成思维导图结构
用户需求
梳理逻辑、提炼要点、分层结构、生成大纲、简化复杂内容、理清关系
输出：树形结构、层级大纲、可直接导入思维导图工具
输出风格
简洁清晰、重点突出、逻辑严谨、层级分明、易看懂","主题名称
一级节点
二级节点（可展开）
三级节点（关键内容）
逻辑关系说明
简化版文字思维导图（可直接复制作图）",帮我把这篇文章生成思维导图,做一个《红楼梦》读书笔记思维导图,帮我梳理期末复习知识点大纲,生成一个活动策划方案思维导图,把这段内容整理成结构化思维导图,做一个项目流程逻辑思维导图,帮我梳理一篇论文的大纲结构,生成职场工作流程思维导图,把我的思路整理成清晰层级大纲,帮我做一个简单清晰的知识框架图,实用性极强、学习办公刚需、结构化清晰、多场景通用、用户留存高。,
,AI表格处理MCP,"Excel 官方函数文档、Google Sheets 帮助中心；
豆包 AI 表格、飞书多维表格、钉钉表格、腾讯文档
",,,,"多模态 & 文本输入
纯文字描述数据、零散信息、清单、报表
文章 / 对话 / 文案提取关键信息生成表格
上传图片、文件，AI 识别并结构化输出表格
原始数据：成绩、收支、商品、员工信息、对比项
功能场景
生成空白模板：考勤表、记账表、计划表、统计表
数据整理：无序文字 → 规范行列表格
格式转换：Markdown / 简洁版 / 可复制到 Excel/ WPS
简单统计：求和、平均值、计数、排序、筛选
对比表格：产品、价格、优缺点、方案对比
表格修改：增删行列、合并单元格、调整结构、重命名
用户需求
清晰简洁、可直接复制、排版整齐、无多余格式
自动对齐、自动编号、自动汇总","表格用途 & 说明
规范可复制表格（Markdown 格式）
关键数据统计结果（如有）
使用建议与填写说明
可修改项提示",帮我把这些数据做成一张清晰的表格,生成一个月度个人收支记账表,做一个产品优缺点对比表格,把这段文字信息整理成规范表格,帮我统计这张表格里的总和与平均值,生成学生成绩统计表模板,帮我修改这张表格，增加一列备注,做一个简单的每日工作计划表,杂乱数据排序并重新生成整洁表格,对比这几个方案，做成表格形式,办公学习高频刚需、轻量化、无复杂操作、实用性极强、用户留存高、全人群通用。,